trade_id,trade_date,mic
ARD-27Q4-0001,2027-10-06,XLON
ARD-27Q4-0002,2027-10-07,XLON
ARD-27Q4-0003,2027-10-08,XLON
ARD-27Q4-0004,2027-10-08,XPAR
ARD-27Q4-0005,2027-10-08,XETR
ARD-27Q4-0006,2027-10-08,XSWX
ARD-27Q4-0007,2027-10-08,XNYS
ARD-27Q4-0008,2027-10-11,XLON
ARD-27Q4-0009,2027-10-11,XPAR
ARD-27Q4-0010,2027-10-11,XETR
ARD-27Q4-0011,2027-10-11,XSWX
ARD-27Q4-0012,2027-10-11,XNYS
ARD-27Q4-0013,2027-10-11,XTSE
ARD-27Q4-0014,2027-10-12,XLON
ARD-27Q4-0015,2027-10-14,XLON
ARD-27Q4-0016,2027-10-15,XLON
ARD-27Q4-0017,2027-10-15,XETR
ARD-27Q4-0018,2027-11-24,XNYS
ARD-27Q4-0019,2027-12-22,XLON
ARD-27Q4-0020,2027-12-23,XLON
ARD-27Q4-0021,2027-12-23,XETR
ARD-27Q4-0022,2027-12-23,XPAR
ARD-27Q4-0023,2027-12-23,XSWX
ARD-27Q4-0024,2027-12-24,XLON
ARD-27Q4-0025,2027-12-29,XLON
ARD-27Q4-0026,2027-12-30,XLON
ARD-27Q4-0027,2027-12-30,XPAR
ARD-27Q4-0028,2027-12-30,XETR
ARD-27Q4-0029,2027-12-30,XSWX
ARD-27Q4-0030,2027-12-31,XLON
